hazard,algorithm,precision,recall,f1,roc_auc,pr_auc,false_positives,false_negatives,threshold
mud_loss,Random Forest,0.0339,0.0952,0.05,0.7666,0.0203,57,19,0.43965517241379315
mud_loss,XGBoost,0.0189,0.2857,0.0355,0.7434,0.0171,311,15,0.29482758620689653
mud_loss,LightGBM,0.0242,0.2857,0.0446,0.695,0.0181,242,15,0.15
mud_loss,CatBoost,0.0417,0.0476,0.0444,0.7567,0.0194,23,20,0.5844827586206897
stuck_pipe,Random Forest,0.0309,0.15,0.0513,0.7246,0.0171,94,17,0.43965517241379315
stuck_pipe,XGBoost,0.1667,0.05,0.0769,0.7559,0.0268,5,19,0.7293103448275863
stuck_pipe,LightGBM,0.1111,0.05,0.069,0.702,0.0229,8,19,0.7051724137931035
stuck_pipe,CatBoost,0.0175,0.7,0.0341,0.7389,0.0148,788,6,0.22241379310344828
kick,Random Forest,0.1111,0.2,0.1429,0.6386,0.0311,8,4,0.2706896551724138
kick,XGBoost,0.0312,0.2,0.0541,0.7031,0.0096,31,4,0.34310344827586203
kick,LightGBM,0.0022,0.2,0.0044,0.5094,0.002,450,4,0.15
kick,CatBoost,0.3333,0.2,0.25,0.7818,0.1045,2,4,0.6086206896551724
overpressure,Random Forest,0.0263,0.1,0.0417,0.7674,0.012,37,9,0.34310344827586203
overpressure,XGBoost,0.0094,0.2,0.0179,0.7297,0.0088,211,8,0.15
overpressure,LightGBM,0.0,0.0,0.0,0.4167,0.0037,82,10,0.15
overpressure,CatBoost,0.0156,0.3,0.0297,0.7654,0.0114,189,7,0.17413793103448275
torque_spike,Random Forest,0.0175,0.25,0.0328,0.8003,0.0094,56,3,0.24655172413793103
torque_spike,XGBoost,0.025,0.25,0.0455,0.7494,0.0095,39,3,0.24655172413793103
torque_spike,LightGBM,0.0014,0.25,0.0028,0.3241,0.0013,720,3,0.15
torque_spike,CatBoost,0.0,0.0,0.0,0.7042,0.0041,78,4,0.15
